section,metric,value
resemblance,mean_ks_statistic,0.08224755700325734
resemblance,mean_abs_standardized_mean_difference,0.05213502134600785
resemblance,correlation_matrix_rmse,0.06276469821541215
utility_trtr,accuracy,0.6948051948051948
utility_trtr,balanced_accuracy,0.6979797979797979
utility_trtr,f1,0.624
utility_trtr,roc_auc,0.813406795224977
utility_tstr,accuracy,0.6623376623376623
utility_tstr,balanced_accuracy,0.6686868686868688
utility_tstr,f1,0.59375
utility_tstr,roc_auc,0.7821854912764002
utility_tstr_to_trtr_ratio,accuracy,0.9532710280373833
utility_tstr_to_trtr_ratio,balanced_accuracy,0.9580318379160638
utility_tstr_to_trtr_ratio,f1,0.9515224358974359
utility_tstr_to_trtr_ratio,roc_auc,0.9616166177466695
privacy_screening,synthetic_to_train_median_nn_distance,1.1908455191564284
privacy_screening,heldout_real_to_train_median_nn_distance,1.0117083582558295
privacy_screening,median_distance_ratio_syn_to_heldout,1.1770640317822705
privacy_screening,synthetic_exact_match_rate,0.0
